{"cameraMode":{"drawMode":0,"name":"Shaded","section":"Shading Mode"},"sceneLighting":true,"audioPlay":false,"sceneViewState":{"showFog":true,"showMaterialUpdate":true,"showSkybox":true,"showFlares":true,"showImageEffects":true,"showParticleSystems":true},"in2DMode":false,"pivot":{"x":-0.041857004165649417,"y":1.3595857620239258,"z":0.10027408599853516},"rotation":{"x":-0.024755869060754777,"y":-0.24170370399951936,"z":0.006140122655779123,"w":-0.9700496792793274},"size":3.9002981185913088,"orthographic":false}