{"cameraMode":{"drawMode":0,"name":"Shaded","section":"Shading Mode"},"sceneLighting":true,"audioPlay":false,"sceneViewState":{"showFog":true,"showMaterialUpdate":true,"showSkybox":true,"showFlares":true,"showImageEffects":true,"showParticleSystems":true},"in2DMode":false,"pivot":{"x":-0.4829014539718628,"y":1.385260820388794,"z":-0.033632099628448489},"rotation":{"x":-0.1253347098827362,"y":-0.5121636390686035,"z":0.0758204534649849,"w":-0.8463443517684937},"size":0.28578832745552065,"orthographic":false}